{
    "blend": {
        "func": "add",
        "srcrgb": "srcalpha",
        "dstrgb": "1-srcalpha",
        "srcalpha": "1",
        "dstalpha": "1-srcalpha"
    },
    "vertex": "xaerominimap/framebuffer_lines",
    "fragment": "xaerominimap/framebuffer_lines",
    "attributes": [
        "Position",
        "Color",
        "Normal"
    ],
    "samplers": [
    ],
    "uniforms": [
        { "name": "ModelViewMat", "type": "matrix4x4", "count": 16, "values": [ 1.0, 0.0, 0.0, 0.0, 0.0, 1.0, 0.0, 0.0, 0.0, 0.0, 1.0, 0.0, 0.0, 0.0, 0.0, 1.0 ] },
        { "name": "ProjMat", "type": "matrix4x4", "count": 16, "values": [ 1.0, 0.0, 0.0, 0.0, 0.0, 1.0, 0.0, 0.0, 0.0, 0.0, 1.0, 0.0, 0.0, 0.0, 0.0, 1.0 ] },
        { "name": "ColorModulator", "type": "float", "count": 4, "values": [ 1.0, 1.0, 1.0, 1.0 ] },
        { "name": "LineWidth", "type": "float", "count": 1, "values": [ 1.0 ] },
        { "name": "FrameSize", "type": "float", "count": 2,  "values": [ 1.0, 1.0 ] }
    ]
}
