{
  "__comment__": "This file was automatically created by mcresources",
  "variants": {
    "": [
      {
        "model": "betterfoliage:block/cactus",
        "weight": 3
      },
      {
        "model": "betterfoliage:block/cactus",
        "weight": 3,
        "y": 90
      },
      {
        "model": "betterfoliage:block/cactus",
        "weight": 3,
        "y": 180
      },
      {
        "model": "betterfoliage:block/cactus",
        "weight": 3,
        "y": 270
      },
      {
        "model": "betterfoliage:block/cactus1",
        "weight": 2
      },
      {
        "model": "betterfoliage:block/cactus1",
        "weight": 2,
        "y": 90
      },
      {
        "model": "betterfoliage:block/cactus1",
        "weight": 2,
        "y": 180
      },
      {
        "model": "betterfoliage:block/cactus1",
        "weight": 2,
        "y": 270
      },
      {
        "model": "betterfoliage:block/cactus2",
        "weight": 4
      },
      {
        "model": "betterfoliage:block/cactus2",
        "weight": 4,
        "y": 90
      },
      {
        "model": "betterfoliage:block/cactus2",
        "weight": 4,
        "y": 180
      },
      {
        "model": "betterfoliage:block/cactus2",
        "weight": 4,
        "y": 270
      },
      {
        "model": "betterfoliage:block/cactus3"
      },
      {
        "model": "betterfoliage:block/cactus3",
        "y": 90
      },
      {
        "model": "betterfoliage:block/cactus3",
        "y": 180
      },
      {
        "model": "betterfoliage:block/cactus3",
        "y": 270
      },
      {
        "model": "betterfoliage:block/cactus4"
      },
      {
        "model": "betterfoliage:block/cactus4",
        "y": 90
      },
      {
        "model": "betterfoliage:block/cactus4",
        "y": 180
      },
      {
        "model": "betterfoliage:block/cactus4",
        "y": 270
      },
      {
        "model": "betterfoliage:block/cactus5"
      },
      {
        "model": "betterfoliage:block/cactus5",
        "y": 90
      },
      {
        "model": "betterfoliage:block/cactus5",
        "y": 180
      },
      {
        "model": "betterfoliage:block/cactus5",
        "y": 270
      }
    ]
  }
}