{
	"credit": "Made with Blockbench",
	"parent": "block/block",
	"textures": {
		"2": "firmalife:block/devices/planter/large_side",
		"3": "firmalife:block/potting_soil_dry",
		"4": "firmalife:block/devices/planter/large_top",
		"5": "firmalife:block/devices/planter/bottom",
		"particle": "firmalife:block/devices/planter/bonsai_top"
	},
	"elements": [
		{
			"from": [1, 0, 1],
			"to": [15, 1, 15],
			"rotation": {"angle": 0, "axis": "y", "origin": [9, 8, 9]},
			"faces": {
				"down": {"uv": [1, 1, 15, 15], "texture": "#5"}
			}
		},
		{
			"from": [0, 0, 0],
			"to": [1, 8, 16],
			"rotation": {"angle": 0, "axis": "y", "origin": [8, 13, 8]},
			"faces": {
				"north": {"uv": [15, 8, 16, 16], "texture": "#2"},
				"east": {"uv": [0, 8, 16, 16], "texture": "#2"},
				"south": {"uv": [0, 8, 1, 16], "texture": "#2"},
				"west": {"uv": [0, 8, 16, 16], "texture": "#2"},
				"up": {"uv": [0, 0, 1, 16], "texture": "#4"},
				"down": {"uv": [0, 0, 1, 16], "texture": "#5"}
			}
		},
		{
			"from": [15, 0, 0],
			"to": [16, 8, 16],
			"rotation": {"angle": 0, "axis": "y", "origin": [23, 13, 8]},
			"faces": {
				"north": {"uv": [0, 8, 1, 16], "texture": "#2"},
				"east": {"uv": [0, 8, 16, 16], "texture": "#2"},
				"south": {"uv": [15, 8, 16, 16], "texture": "#2"},
				"west": {"uv": [0, 8, 16, 16], "texture": "#2"},
				"up": {"uv": [0, 0, 1, 16], "texture": "#4"},
				"down": {"uv": [15, 0, 16, 16], "texture": "#5"}
			}
		},
		{
			"from": [1, 0, 0],
			"to": [15, 8, 1],
			"rotation": {"angle": 0, "axis": "y", "origin": [9, 13, 8]},
			"faces": {
				"north": {"uv": [1, 8, 15, 16], "texture": "#2"},
				"south": {"uv": [1, 8, 15, 16], "texture": "#2"},
				"up": {"uv": [0, 0, 1, 14], "rotation": 90, "texture": "#4"},
				"down": {"uv": [0, 1, 1, 15], "rotation": 270, "texture": "#5"}
			}
		},
		{
			"from": [1, 0, 15],
			"to": [15, 8, 16],
			"rotation": {"angle": 0, "axis": "y", "origin": [9, 13, 23]},
			"faces": {
				"north": {"uv": [1, 8, 15, 16], "texture": "#2"},
				"south": {"uv": [1, 8, 15, 16], "texture": "#2"},
				"up": {"uv": [0, 0, 1, 14], "rotation": 90, "texture": "#4"},
				"down": {"uv": [15, 1, 16, 15], "rotation": 270, "texture": "#5"}
			}
		},
		{
			"from": [1, 3, 1],
			"to": [15, 7, 15],
			"rotation": {"angle": 0, "axis": "y", "origin": [9, 11, 9]},
			"faces": {
				"up": {"uv": [1, 1, 15, 15], "texture": "#3"}
			}
		}
	],
	"groups": [
		{
			"name": "group",
			"origin": [9, 13, 23],
			"color": 0,
			"children": [0, 1, 2, 3, 4]
		},
		{
			"name": "quad_planter_dirt",
			"origin": [8, 8, 8],
			"color": 0,
			"children": [5]
		}
	]
}