{
	"credit": "Made with Blockbench",
	"parent": "block/block",
	"textures": {
		"5": "firmalife:block/devices/vat/vat_bottom",
		"6": "firmalife:block/devices/vat/vat_side",
		"7": "firmalife:block/devices/vat/vat_top",
		"particle": "firmalife:block/devices/planter/hanging_bottom"
	},
	"elements": [
		{
			"from": [1, 0, 1],
			"to": [15, 1, 15],
			"faces": {
				"north": {"uv": [1, 15, 15, 16], "texture": "#6"},
				"east": {"uv": [1, 15, 15, 16], "texture": "#6"},
				"south": {"uv": [1, 15, 15, 16], "texture": "#6"},
				"west": {"uv": [1, 15, 15, 16], "texture": "#6"},
				"up": {"uv": [1, 1, 15, 15], "texture": "#5"},
				"down": {"uv": [1, 1, 15, 15], "texture": "#5"}
			}
		},
		{
			"from": [1, 1, 1],
			"to": [15, 12, 2],
			"faces": {
				"north": {"uv": [1, 4, 15, 15], "texture": "#6"},
				"south": {"uv": [1, 4, 15, 15], "texture": "#6"},
				"up": {"uv": [1, 1, 15, 2], "texture": "#7"}
			}
		},
		{
			"from": [1, 1, 14],
			"to": [15, 12, 15],
			"faces": {
				"north": {"uv": [1, 4, 15, 15], "texture": "#6"},
				"east": {"uv": [1, 4, 2, 15], "texture": "#6"},
				"south": {"uv": [1, 4, 15, 15], "texture": "#6"},
				"west": {"uv": [14, 4, 15, 15], "texture": "#6"},
				"up": {"uv": [1, 14, 15, 15], "texture": "#7"}
			}
		},
		{
			"from": [1, 1, 1],
			"to": [2, 12, 14],
			"faces": {
				"east": {"uv": [2, 4, 15, 15], "texture": "#6"},
				"west": {"uv": [1, 4, 14, 15], "texture": "#6"},
				"up": {"uv": [1, 1.5, 2, 14.5], "texture": "#7"}
			}
		},
		{
			"from": [14, 1, 1],
			"to": [15, 12, 14],
			"faces": {
				"east": {"uv": [2, 4, 15, 15], "texture": "#6"},
				"west": {"uv": [1, 4, 14, 15], "texture": "#6"},
				"up": {"uv": [2, 1.5, 1, 14.5], "texture": "#7"}
			}
		}
	]
}