{
    "credit": "Made with Blockbench",
    "parent": "block/block",
    "textures": {
        "1": "#top",
        "2": "#side",
        "particle": "#top"
    },
    "elements": [
        {
            "from": [12, 7, 5],
            "to": [13, 8, 11],
            "faces": {
                "north": {"uv": [3, 8, 4, 9], "texture": "#2"},
                "east": {"uv": [0, 0.5, 6, 1.5], "texture": "#2"},
                "south": {"uv": [3, 9, 4, 8], "rotation": 180, "texture": "#2"},
                "west": {"uv": [0, 0, 6, 2], "texture": "#2"},
                "up": {"uv": [5, 0, 16, 6], "texture": "#1"},
                "down": {"uv": [11, 9, 9, 15], "texture": "#1"}
            }
        },
        {
            "from": [11, 1, 6],
            "to": [12, 1.5, 10],
            "faces": {
                "north": {"uv": [0, 5, 11, 7], "texture": "#2"},
                "east": {"uv": [5, 15.5, 9, 16], "texture": "#2"},
                "south": {"uv": [0, 7, 11, 5], "rotation": 180, "texture": "#2"},
                "west": {"uv": [0, 0, 6, 2], "texture": "#2"},
                "up": {"uv": [4, 4, 3, 8], "texture": "#1"},
                "down": {"uv": [5, 0, 16, 6], "texture": "#1"}
            }
        },
        {
            "from": [4, 1, 6],
            "to": [5, 1.5, 10],
            "faces": {
                "north": {"uv": [0, 5, 11, 7], "texture": "#2"},
                "east": {"uv": [0, 0, 6, 2], "texture": "#2"},
                "south": {"uv": [0, 7, 11, 5], "rotation": 180, "texture": "#2"},
                "west": {"uv": [5.5, 15.5, 9.5, 16], "texture": "#2"},
                "up": {"uv": [3, 4, 4, 8], "texture": "#1"},
                "down": {"uv": [5, 0, 16, 6], "texture": "#1"}
            }
        },
        {
            "from": [4, 1, 5],
            "to": [12, 1.5, 6],
            "faces": {
                "north": {"uv": [1, 7, 16, 7.5], "texture": "#2"},
                "east": {"uv": [12, 15.5, 13, 16], "texture": "#2"},
                "south": {"uv": [0, 7, 11, 5], "rotation": 180, "texture": "#2"},
                "west": {"uv": [4, 15.5, 5, 16], "texture": "#2"},
                "up": {"uv": [13, 7, 5.5, 8], "texture": "#1"},
                "down": {"uv": [5, 0, 16, 6], "texture": "#1"}
            }
        },
        {
            "from": [4, 1, 10],
            "to": [12, 1.5, 11],
            "faces": {
                "north": {"uv": [0, 5.5, 11, 6.5], "texture": "#2"},
                "east": {"uv": [4, 15.5, 5, 16], "texture": "#2"},
                "south": {"uv": [0, 7, 15, 6.5], "rotation": 180, "texture": "#2"},
                "west": {"uv": [11, 15.5, 12, 16], "texture": "#2"},
                "up": {"uv": [13, 8, 5.5, 7], "texture": "#1"},
                "down": {"uv": [5, 0, 16, 6], "texture": "#1"}
            }
        },
        {
            "from": [14, 8.5, 5],
            "to": [15, 9, 11],
            "faces": {
                "north": {"uv": [0, 6.5, 1, 7], "texture": "#2"},
                "east": {"uv": [0, 0, 6, 1], "texture": "#2"},
                "south": {"uv": [1, 6.5, 0, 7], "rotation": 90, "texture": "#2"},
                "west": {"uv": [0, 0, 6, 2], "texture": "#2"},
                "up": {"uv": [5, 0, 16, 6], "texture": "#1"},
                "down": {"uv": [11, 9, 9, 15], "texture": "#1"}
            }
        },
        {
            "from": [0, 7.5, 6],
            "to": [2, 10, 10],
            "faces": {
                "north": {"uv": [14, 5.5, 16, 8.5], "texture": "#2"},
                "south": {"uv": [14, 8.5, 16, 5.5], "rotation": 180, "texture": "#2"},
                "west": {"uv": [12, 0, 16, 3], "texture": "#2"},
                "up": {"uv": [4, 1, 6, 5], "texture": "#1"},
                "down": {"uv": [0, 3.5, 3, 8.5], "texture": "#1"}
            }
        },
        {
            "from": [5, 9, 5],
            "to": [16, 10.5, 11],
            "faces": {
                "north": {"uv": [0, 5, 11, 7], "texture": "#2"},
                "east": {"uv": [0.5, 0, 6.5, 2], "texture": "#2"},
                "south": {"uv": [0, 7, 11, 5], "rotation": 180, "texture": "#2"},
                "west": {"uv": [0, 0, 6, 2], "texture": "#2"},
                "up": {"uv": [5, 0, 16, 6], "texture": "#1"},
                "down": {"uv": [5, 0, 16, 6], "texture": "#1"}
            }
        },
        {
            "from": [12, 8, 5],
            "to": [14, 9, 11],
            "faces": {
                "north": {"uv": [2, 7, 4, 8], "texture": "#2"},
                "east": {"uv": [0, 0, 6, 1], "texture": "#2"},
                "south": {"uv": [2, 8, 4, 7], "rotation": 180, "texture": "#2"},
                "down": {"uv": [13, 9, 9, 15], "texture": "#1"}
            }
        },
        {
            "from": [4, 6, 5],
            "to": [5, 10, 11],
            "faces": {
                "north": {"uv": [11, 6, 12, 10], "texture": "#2"},
                "south": {"uv": [11, 10, 12, 6], "rotation": 180, "texture": "#2"},
                "west": {"uv": [6, 0, 12, 4], "texture": "#2"},
                "up": {"uv": [5, 0, 4, 6], "texture": "#1"},
                "down": {"uv": [10, 15, 16, 16], "rotation": 90, "texture": "#1"}
            }
        },
        {
            "from": [2, 7, 5.5],
            "to": [4, 10, 10.5],
            "faces": {
                "north": {"uv": [12, 6, 14, 9], "texture": "#2"},
                "south": {"uv": [12, 9, 14, 6], "rotation": 180, "texture": "#2"},
                "west": {"uv": [12, 0, 16, 3], "texture": "#2"},
                "up": {"uv": [6.5, 0.5, 8.5, 5.5], "texture": "#1"},
                "down": {"uv": [0, 4, 4, 8], "texture": "#1"}
            }
        },
        {
            "from": [5, 6, 5],
            "to": [12, 9, 11],
            "faces": {
                "north": {"uv": [4, 7, 11, 10], "texture": "#2"},
                "east": {"uv": [6, 1, 12, 4], "texture": "#2"},
                "south": {"uv": [4, 10, 11, 7], "rotation": 180, "texture": "#2"},
                "west": {"uv": [0, 0, 6, 3], "texture": "#missing"},
                "down": {"uv": [10, 8, 16, 15], "rotation": 90, "texture": "#1"}
            }
        },
        {
            "from": [5, 1, 6],
            "to": [11, 6, 10],
            "faces": {
                "north": {"uv": [5, 10, 11, 14], "texture": "#2"},
                "east": {"uv": [0, 10, 4, 14.5], "texture": "#2"},
                "south": {"uv": [5, 14.5, 11, 10], "rotation": 180, "texture": "#2"},
                "west": {"uv": [0, 10, 4, 14.5], "texture": "#2"}
            }
        },
        {
            "from": [3, 0, 4],
            "to": [13, 1, 12],
            "faces": {
                "north": {"uv": [3, 14.5, 13, 16], "texture": "#2"},
                "east": {"uv": [4, 14.5, 12, 16], "texture": "#2"},
                "south": {"uv": [3, 16, 13, 14.5], "rotation": 180, "texture": "#2"},
                "west": {"uv": [4, 14.5, 12, 16], "texture": "#2"},
                "up": {"uv": [0, 8, 10, 16], "texture": "#1"},
                "down": {"uv": [0, 8, 10, 16], "texture": "#1"}
            }
        }
    ],
    "display": {
        "thirdperson_righthand": {
            "rotation": [75, -45, 0],
            "translation": [0, 2.5, 0],
            "scale": [0.375, 0.375, 0.375]
        },
        "thirdperson_lefthand": {
            "rotation": [75, 135, 0],
            "translation": [0, 2.5, 0],
            "scale": [0.375, 0.375, 0.375]
        },
        "firstperson_righthand": {
            "rotation": [0, 135, 0],
            "scale": [0.5, 0.5, 0.5]
        },
        "firstperson_lefthand": {
            "rotation": [0, -45, 0],
            "scale": [0.5, 0.5, 0.5]
        },
        "ground": {
            "translation": [0, 3, 0],
            "scale": [0.3, 0.3, 0.3]
        },
        "gui": {
            "rotation": [30, 225, 0],
            "translation": [0.5, 1, 0],
            "scale": [0.75, 0.75, 0.75]
        },
        "head": {
            "rotation": [0, -90, 0],
            "translation": [0, 14.5, 0]
        },
        "fixed": {
            "scale": [0.6, 0.6, 0.6]
        }
    }
}
