{
	"credit": "Made with Blockbench",
	"parent": "block/block",
	"textures": {
		"particle": "#top",
		"top": "tfc:block/devices/barrel_rack/top",
		"side": "tfc:block/devices/barrel_rack/side"
	},
	"elements": [
		{
			"from": [0, 0, 0],
			"to": [2, 14, 2],
			"faces": {
				"north": {"uv": [14, 2, 16, 16], "texture": "#side", "cullface": "north"},
				"east": {"uv": [14, 2, 16, 16], "texture": "#side"},
				"south": {"uv": [0, 2, 2, 16], "texture": "#side"},
				"west": {"uv": [0, 2, 2, 16], "texture": "#side", "cullface": "west"},
				"down": {"uv": [0, 14, 2, 16], "texture": "#top", "cullface": "down"}
			}
		},
		{
			"from": [0, 0, 14],
			"to": [2, 14, 16],
			"faces": {
				"north": {"uv": [14, 2, 16, 16], "texture": "#side"},
				"east": {"uv": [0, 2, 2, 16], "texture": "#side"},
				"south": {"uv": [0, 2, 2, 16], "texture": "#side", "cullface": "south"},
				"west": {"uv": [14, 2, 16, 16], "texture": "#side", "cullface": "west"},
				"down": {"uv": [0, 0, 2, 2], "texture": "#top", "cullface": "down"}
			}
		},
		{
			"from": [14, 0, 14],
			"to": [16, 14, 16],
			"faces": {
				"north": {"uv": [0, 2, 2, 16], "texture": "#side"},
				"east": {"uv": [0, 2, 2, 16], "texture": "#side", "cullface": "east"},
				"south": {"uv": [14, 2, 16, 16], "texture": "#side", "cullface": "south"},
				"west": {"uv": [14, 2, 16, 16], "texture": "#side"},
				"down": {"uv": [14, 0, 16, 2], "texture": "#top", "cullface": "down"}
			}
		},
		{
			"from": [14, 0, 0],
			"to": [16, 14, 2],
			"faces": {
				"north": {"uv": [0, 2, 2, 16], "texture": "#side", "cullface": "north"},
				"east": {"uv": [14, 2, 16, 16], "texture": "#side", "cullface": "east"},
				"south": {"uv": [14, 2, 16, 16], "texture": "#side"},
				"west": {"uv": [0, 2, 2, 16], "texture": "#side"},
				"down": {"uv": [14, 14, 16, 16], "texture": "#top", "cullface": "down"}
			}
		},
		{
			"from": [0, 14, 0],
			"to": [16, 16, 16],
			"rotation": {"angle": 0, "axis": "y", "origin": [0, 14, 0]},
			"faces": {
				"north": {"uv": [0, 0, 16, 2], "texture": "#side"},
				"east": {"uv": [0, 0, 16, 2], "texture": "#side"},
				"south": {"uv": [0, 0, 16, 2], "texture": "#side"},
				"west": {"uv": [0, 0, 16, 2], "texture": "#side"},
				"up": {"uv": [0, 0, 16, 16], "texture": "#top"},
				"down": {"uv": [0, 0, 16, 16], "texture": "#top"}
			}
		}
	]
}