{
	"credit": "Made by @vexxel with Blockbench - https://github.com/vexxel",
	"parent": "minecraft:block/block",
	"textures": {
		"2": "tfc:block/devices/crucible/side_inside",
		"3": "tfc:block/devices/crucible/bottom",
		"particle": "tfc:block/devices/crucible/side",
		"side": "tfc:block/devices/crucible/side",
		"top": "tfc:block/devices/crucible/top"
	},
	"elements": [
		{
			"from": [1, 1, 1],
			"to": [15, 16, 3],
			"rotation": {"angle": 0, "axis": "y", "origin": [1, 1, 1]},
			"faces": {
				"north": {"uv": [1, 0, 15, 15], "texture": "#side"},
				"east": {"uv": [13, 0, 15, 15], "texture": "#side"},
				"south": {"uv": [1, 0, 15, 15], "texture": "#2"},
				"west": {"uv": [1, 0, 3, 15], "texture": "#side"},
				"up": {"uv": [1, 1, 15, 3], "texture": "#top"},
				"down": {"uv": [1, 13, 15, 15], "texture": "#3"}
			}
		},
		{
			"from": [2, 0, 2],
			"to": [14, 1, 14],
			"rotation": {"angle": 0, "axis": "y", "origin": [2, 0, 2]},
			"faces": {
				"north": {"uv": [2, 15, 14, 16], "texture": "#3"},
				"east": {"uv": [2, 15, 14, 16], "texture": "#3"},
				"south": {"uv": [2, 15, 14, 16], "texture": "#3"},
				"west": {"uv": [2, 15, 14, 16], "texture": "#3"},
				"up": {"uv": [2, 2, 14, 14], "texture": "#3"},
				"down": {"uv": [2, 2, 14, 14], "texture": "#3"}
			}
		},
		{
			"from": [1, 1, 13],
			"to": [15, 16, 15],
			"rotation": {"angle": 0, "axis": "y", "origin": [1, 1, 13]},
			"faces": {
				"north": {"uv": [1, 0, 15, 15], "texture": "#2"},
				"east": {"uv": [1, 0, 3, 15], "texture": "#side"},
				"south": {"uv": [1, 0, 15, 15], "texture": "#side"},
				"west": {"uv": [13, 0, 15, 15], "texture": "#side"},
				"up": {"uv": [1, 13, 15, 15], "texture": "#top"},
				"down": {"uv": [1, 1, 15, 3], "texture": "#3"}
			}
		},
		{
			"from": [1, 1, 3],
			"to": [3, 16, 13],
			"rotation": {"angle": 0, "axis": "y", "origin": [1, 1, 3]},
			"faces": {
				"east": {"uv": [3, 0, 13, 15], "texture": "#2"},
				"west": {"uv": [3, 0, 13, 15], "texture": "#side"},
				"up": {"uv": [1, 3, 3, 13], "texture": "#top"},
				"down": {"uv": [1, 3, 3, 13], "texture": "#3"}
			}
		},
		{
			"from": [13, 1, 3],
			"to": [15, 16, 13],
			"rotation": {"angle": 0, "axis": "y", "origin": [13, 1, 3]},
			"faces": {
				"east": {"uv": [3, 0, 13, 15], "texture": "#side"},
				"west": {"uv": [3, 0, 13, 15], "texture": "#2"},
				"up": {"uv": [13, 3, 15, 13], "texture": "#top"},
				"down": {"uv": [13, 3, 15, 13], "texture": "#3"}
			}
		}
	],
	"display": {
		"thirdperson_righthand": {
			"rotation": [75, 45, 0],
			"translation": [0, 2.5, 0],
			"scale": [0.375, 0.375, 0.375]
		},
		"thirdperson_lefthand": {
			"rotation": [75, 45, 0],
			"translation": [0, 2.5, 0],
			"scale": [0.375, 0.375, 0.375]
		},
		"firstperson_righthand": {
			"rotation": [0, 45, 0],
			"scale": [0.4, 0.4, 0.4]
		},
		"firstperson_lefthand": {
			"rotation": [0, 225, 0],
			"scale": [0.4, 0.4, 0.4]
		},
		"ground": {
			"translation": [0, 3, 0],
			"scale": [0.25, 0.25, 0.25]
		},
		"gui": {
			"rotation": [30, 225, 0],
			"scale": [0.625, 0.625, 0.625]
		},
		"head": {
			"rotation": [180, 0, 0],
			"translation": [0, 2.75, 0],
			"scale": [1.33, 1.33, 1.33]
		},
		"fixed": {
			"rotation": [270, 0, 0],
			"translation": [0, 0, -4],
			"scale": [0.66, 0.66, 0.66]
		}
	}
}