{
  "textures": {
    "particle": "extendedcrafting:block/black_iron_block",
    "base": "extendedcrafting:block/black_iron_block",
    "top": "extendedcrafting:block/crafting_core_top",
    "side": "extendedcrafting:block/crafting_core_side",
    "band": "extendedcrafting:block/crafting_core_band"
  },
  "elements": [
    {
      "name": "Cube",
      "from": [2, 0, 2],
      "to": [14, 2, 14],
      "faces": {
        "north": {"uv": [2, 1, 14, 3], "texture": "#base"},
        "east": {"uv": [2, 1, 14, 3], "texture": "#base"},
        "south": {"uv": [2, 1, 14, 3], "texture": "#base"},
        "west": {"uv": [2, 1, 14, 3], "texture": "#base"},
        "up": {"uv": [2, 2, 14, 14], "texture": "#base"},
        "down": {"uv": [2, 2, 14, 14], "texture": "#base"}
      }
    },
    {
      "name": "Cube",
      "from": [0, 2, 0],
      "to": [16, 5, 16],
      "faces": {
        "north": {"uv": [0, 11, 16, 14], "texture": "#side"},
        "east": {"uv": [0, 11, 16, 14], "texture": "#side"},
        "south": {"uv": [0, 11, 16, 14], "texture": "#side"},
        "west": {"uv": [0, 11, 16, 14], "texture": "#side"},
        "up": {"uv": [0, 0, 16, 16], "texture": "#base"},
        "down": {"uv": [0, 0, 16, 16], "texture": "#base"}
      }
    },
    {
      "name": "Cube",
      "from": [1, 5, 1],
      "to": [15, 6, 15],
      "faces": {
        "north": {"uv": [0, 0, 14, 1], "texture": "#band"},
        "east": {"uv": [0, 0, 14, 1], "texture": "#band"},
        "south": {"uv": [0, 0, 14, 1], "texture": "#band"},
        "west": {"uv": [0, 0, 14, 1], "texture": "#band"},
        "up": {"uv": [0, 0, 14, 14], "texture": "#band"},
        "down": {"uv": [0, 0, 14, 14], "texture": "#band"}
      }
    },
    {
      "name": "Cube",
      "from": [0, 6, 0],
      "to": [16, 12, 16],
      "faces": {
        "north": {"uv": [0, 4, 16, 10], "texture": "#side"},
        "east": {"uv": [0, 4, 16, 10], "texture": "#side"},
        "south": {"uv": [0, 4, 16, 10], "texture": "#side"},
        "west": {"uv": [0, 4, 16, 10], "texture": "#side"},
        "up": {"uv": [0, 0, 16, 16], "texture": "#base"},
        "down": {"uv": [0, 0, 16, 16], "texture": "#base"}
      }
    },
    {
      "name": "Cube",
      "from": [1, 12, 1],
      "to": [15, 13, 15],
      "faces": {
        "north": {"uv": [0, 0, 14, 1], "texture": "#band"},
        "east": {"uv": [0, 0, 14, 1], "texture": "#band"},
        "south": {"uv": [0, 0, 14, 1], "texture": "#band"},
        "west": {"uv": [0, 0, 14, 1], "texture": "#band"},
        "up": {"uv": [0, 0, 14, 14], "texture": "#band"},
        "down": {"uv": [0, 0, 14, 14], "texture": "#band"}
      }
    },
    {
      "name": "Cube",
      "from": [0, 13, 0],
      "to": [16, 16, 16],
      "faces": {
        "north": {"uv": [0, 0, 16, 3], "texture": "#side"},
        "east": {"uv": [0, 0, 16, 3], "texture": "#side"},
        "south": {"uv": [0, 0, 16, 3], "texture": "#side"},
        "west": {"uv": [0, 0, 16, 3], "texture": "#side"},
        "up": {"uv": [0, 0, 16, 16], "texture": "#top"},
        "down": {"uv": [0, 0, 16, 16], "texture": "#base"}
      }
    }
  ]
}