{
  "textures": {
    "particle": "extendedcrafting:block/redstone_ingot_block",
    "0": "extendedcrafting:block/flux_alternator_base_side",
    "1": "extendedcrafting:block/flux_alternator_base_top",
    "2": "extendedcrafting:block/redstone_ingot_block",
    "3": "extendedcrafting:block/flux_alternator_side",
    "4": "extendedcrafting:block/flux_alternator_top"
  },
  "elements": [
    {
      "name": "Cube",
      "from": [ 0.0, 0.0, 0.0 ],
      "to": [ 16.0, 6.0, 16.0 ],
      "faces": {
        "north": { "texture": "#0", "uv": [ 0.0, 10.0, 16.0, 16.0 ] },
        "east": { "texture": "#0", "uv": [ 0.0, 10.0, 16.0, 16.0 ] },
        "south": { "texture": "#0", "uv": [ 0.0, 10.0, 16.0, 16.0 ] },
        "west": { "texture": "#0", "uv": [ 0.0, 10.0, 16.0, 16.0 ] },
        "up": { "texture": "#1", "uv": [ 0.0, 0.0, 16.0, 16.0 ] },
        "down": { "texture": "#2", "uv": [ 0.0, 0.0, 16.0, 16.0 ] }
      }
    },
    {
      "name": "Cube",
      "from": [ 4.0, 6.0, 4.0 ],
      "to": [ 12.0, 15.0, 12.0 ],
      "faces": {
        "north": { "texture": "#3", "uv": [ 4.0, 1.0, 12.0, 10.0 ] },
        "east": { "texture": "#3", "uv": [ 4.0, 1.0, 12.0, 10.0 ] },
        "south": { "texture": "#3", "uv": [ 4.0, 1.0, 12.0, 10.0 ] },
        "west": { "texture": "#3", "uv": [ 4.0, 1.0, 12.0, 10.0 ] },
        "up": { "texture": "#0", "uv": [ 0.0, 0.0, 8.0, 8.0 ] },
        "down": { "texture": "#0", "uv": [ 0.0, 0.0, 8.0, 8.0 ] }
      }
    },
    {
      "name": "Cube",
      "from": [ 3.0, 15.0, 3.0 ],
      "to": [ 13.0, 16.0, 13.0 ],
      "faces": {
        "north": { "texture": "#4", "uv": [ 3.0, 3.0, 13.0, 4.0 ] },
        "east": { "texture": "#4", "uv": [ 3.0, 3.0, 13.0, 4.0 ] },
        "south": { "texture": "#4", "uv": [ 3.0, 3.0, 13.0, 4.0 ] },
        "west": { "texture": "#4", "uv": [ 3.0, 3.0, 13.0, 4.0 ] },
        "up": { "texture": "#4", "uv": [ 3.0, 3.0, 13.0, 13.0 ] },
        "down": { "texture": "#4", "uv": [ 3.0, 3.0, 13.0, 13.0 ] }
      }
    }
  ]
}