{
	"credit": "Made with Blockbench",
	"textures": {
		"1": "tfc:block/molten_lit",
		"2": "tfc:block/devices/bloomery/bloomery_one",
		"3": "tfc:block/devices/bloomery/smooth",
		"4": "tfc:block/devices/bloomery/solid",
		"5": "tfc:block/devices/bloomery/fire_0",
		"6": "tfc:block/devices/bloomery/campfire_fire",
		"particle": "tfc:block/devices/bloomery/solid"
	},
	"elements": [
		{
			"from": [8, 1, 2],
			"to": [15, 7, 4],
			"rotation": {"angle": 0, "axis": "y", "origin": [15, 8, 4]},
			"faces": {
				"north": {"uv": [1, 9, 8, 15], "texture": "#2"},
				"south": {"uv": [8, 9, 15, 15], "texture": "#2"},
				"up": {"uv": [0, 0, 2, 7], "rotation": 90, "texture": "#3"}
			}
		},
		{
			"from": [1, 11, 2],
			"to": [8, 15, 4],
			"rotation": {"angle": 0, "axis": "y", "origin": [1, 8, 4]},
			"faces": {
				"north": {"uv": [8, 1, 15, 5], "texture": "#2"},
				"south": {"uv": [1, 1, 8, 5], "texture": "#2"},
				"down": {"uv": [14, 8, 16, 15], "rotation": 90, "texture": "#3"}
			}
		},
		{
			"from": [1, 1, 2],
			"to": [8, 7, 4],
			"rotation": {"angle": 0, "axis": "y", "origin": [1, 8, 4]},
			"faces": {
				"north": {"uv": [8, 9, 15, 15], "texture": "#2"},
				"south": {"uv": [1, 9, 8, 15], "texture": "#2"},
				"up": {"uv": [0, 6, 2, 13], "rotation": 90, "texture": "#3"}
			}
		},
		{
			"from": [8, 11, 2],
			"to": [15, 15, 4],
			"rotation": {"angle": 0, "axis": "y", "origin": [15, 8, 4]},
			"faces": {
				"north": {"uv": [1, 1, 8, 5], "texture": "#2"},
				"south": {"uv": [8, 1, 15, 5], "texture": "#2"},
				"down": {"uv": [14, 0, 16, 7], "rotation": 90, "texture": "#3"}
			}
		},
		{
			"from": [13, 7, 2],
			"to": [15, 11, 4],
			"rotation": {"angle": 0, "axis": "y", "origin": [15, 8, 4]},
			"faces": {
				"north": {"uv": [1, 5, 3, 9], "texture": "#2"},
				"south": {"uv": [13, 5, 15, 9], "texture": "#2"},
				"west": {"uv": [12, 2, 14, 6], "texture": "#3"}
			}
		},
		{
			"from": [8, 7, 2],
			"to": [10, 11, 4],
			"rotation": {"angle": 0, "axis": "y", "origin": [15, 8, 4]},
			"faces": {
				"north": {"uv": [6, 5, 8, 9], "texture": "#2"},
				"east": {"uv": [0, 8, 2, 12], "texture": "#3"},
				"south": {"uv": [8, 5, 10, 9], "texture": "#2"}
			}
		},
		{
			"from": [6, 7, 2],
			"to": [8, 11, 4],
			"rotation": {"angle": 0, "axis": "y", "origin": [1, 8, 4]},
			"faces": {
				"north": {"uv": [8, 5, 10, 9], "texture": "#2"},
				"south": {"uv": [6, 5, 8, 9], "texture": "#2"},
				"west": {"uv": [13, 5, 15, 9], "texture": "#3"}
			}
		},
		{
			"from": [1, 7, 2],
			"to": [3, 11, 4],
			"rotation": {"angle": 0, "axis": "y", "origin": [1, 8, 4]},
			"faces": {
				"north": {"uv": [13, 5, 15, 9], "texture": "#2"},
				"east": {"uv": [8, 8, 10, 12], "texture": "#3"},
				"south": {"uv": [1, 5, 3, 9], "texture": "#2"}
			}
		},
		{
			"from": [0, 0, 0],
			"to": [1, 16, 6],
			"faces": {
				"north": {"uv": [15, 0, 16, 16], "texture": "#4"},
				"east": {"uv": [5, 0, 11, 16], "texture": "#4"},
				"south": {"uv": [0, 0, 1, 16], "texture": "#4"},
				"west": {"uv": [5, 0, 11, 16], "texture": "#3"},
				"up": {"uv": [0, 0, 1, 6], "texture": "#3"},
				"down": {"uv": [0, 10, 1, 16], "texture": "#3"}
			}
		},
		{
			"from": [15, 0, 0],
			"to": [16, 16, 6],
			"rotation": {"angle": 0, "axis": "y", "origin": [15, 0, 0]},
			"faces": {
				"north": {"uv": [0, 0, 1, 16], "texture": "#4"},
				"east": {"uv": [5, 0, 11, 16], "texture": "#3"},
				"south": {"uv": [15, 0, 16, 16], "texture": "#4"},
				"west": {"uv": [5, 0, 11, 16], "texture": "#4"},
				"up": {"uv": [15, 0, 16, 6], "texture": "#3"},
				"down": {"uv": [15, 10, 16, 16], "texture": "#3"}
			}
		},
		{
			"from": [1, 0, 0],
			"to": [15, 1, 6],
			"rotation": {"angle": 0, "axis": "y", "origin": [1, 0, 0]},
			"faces": {
				"north": {"uv": [1, 15, 15, 16], "texture": "#4"},
				"south": {"uv": [1, 15, 15, 16], "texture": "#4"},
				"up": {"uv": [1, 4, 15, 10], "texture": "#3"},
				"down": {"uv": [1, 9, 15, 15], "texture": "#3"}
			}
		},
		{
			"from": [1, 15, 0],
			"to": [15, 16, 6],
			"rotation": {"angle": 0, "axis": "y", "origin": [1, 15, 0]},
			"faces": {
				"north": {"uv": [1, 0, 15, 1], "texture": "#4"},
				"south": {"uv": [1, 0, 15, 1], "texture": "#4"},
				"up": {"uv": [1, 0, 15, 6], "texture": "#3"},
				"down": {"uv": [1, 4, 15, 10], "texture": "#3"}
			}
		},
		{
			"from": [0, 0, 8],
			"to": [16, 10, 16],
			"rotation": {"angle": 0, "axis": "y", "origin": [0, 0, 14]},
			"faces": {
				"north": {"uv": [0, 6, 16, 16], "texture": "#1"},
				"up": {"uv": [0, 8, 16, 16], "texture": "#1"}
			}
		},
		{
			"from": [0, 0, 6.365],
			"to": [16, 16, 6.365],
			"rotation": {"angle": 0, "axis": "x", "origin": [0, 0, 4.375]},
			"faces": {
				"north": {"uv": [0, 0, 16, 16], "texture": "#6"}
			}
		},
		{
			"from": [0.5, 0, 6],
			"to": [0.5, 16, 16],
			"rotation": {"angle": 0, "axis": "y", "origin": [0, 0, 6]},
			"faces": {
				"east": {"uv": [0, 0, 10, 16], "texture": "#5"}
			}
		},
		{
			"from": [15.5, 0, 6],
			"to": [15.5, 16, 16],
			"rotation": {"angle": 0, "axis": "y", "origin": [16, 0, 6]},
			"faces": {
				"west": {"uv": [6, 0, 16, 16], "texture": "#5"}
			}
		},
		{
			"from": [0, 10, 6],
			"to": [16, 10, 15],
			"rotation": {"angle": 45, "axis": "x", "origin": [0, 10, 15]},
			"faces": {
				"down": {"uv": [0, 6, 16, 15], "rotation": 180, "texture": "#5"}
			}
		},
		{
			"from": [0, 0.01, 6],
			"to": [16, 0.01, 8],
			"rotation": {"angle": 0, "axis": "y", "origin": [0, 0, 6]},
			"faces": {
				"up": {"uv": [0, 6, 16, 8], "texture": "#1"}
			}
		},
		{
			"from": [15.99, 0, 6],
			"to": [15.99, 16, 16],
			"rotation": {"angle": 0, "axis": "y", "origin": [14, 0, 6]},
			"faces": {
				"west": {"uv": [6, 0, 16, 16], "texture": "#1"}
			}
		},
		{
			"from": [0.01, 0, 6],
			"to": [0.01, 16, 16],
			"rotation": {"angle": 0, "axis": "y", "origin": [-2, 0, 6]},
			"faces": {
				"east": {"uv": [0, 0, 10, 16], "texture": "#1"}
			}
		},
		{
			"from": [0, 15.99, 6],
			"to": [16, 15.99, 16],
			"rotation": {"angle": 0, "axis": "y", "origin": [14, 14, 6]},
			"faces": {
				"down": {"uv": [0, 0, 16, 10], "texture": "#1"}
			}
		}
	]
}