{
	"credit": "Made with Blockbench",
	"textures": {
		"2": "tfc:block/devices/bloomery/smooth",
		"3": "tfc:block/devices/bloomery/solid",
		"4": "tfc:block/devices/bloomery/bloomery_two",
		"particle": "tfc:block/devices/bloomery/solid",
		"off": "tfc:block/devices/bloomery/bloomery_one"
	},
	"elements": [
		{
			"from": [13, 1, 2],
			"to": [15, 7, 9],
			"rotation": {"angle": 0, "axis": "y", "origin": [15, 8, 2]},
			"faces": {
				"north": {"uv": [3, 9, 1, 15], "texture": "#4"},
				"east": {"uv": [8, 9, 15, 15], "texture": "#off"},
				"south": {"uv": [1, 9, 3, 15], "texture": "#4"},
				"west": {"uv": [1, 9, 8, 15], "texture": "#off"},
				"up": {"uv": [0, 0, 2, 7], "texture": "#2"},
				"down": {"uv": [13, 8, 15, 1], "rotation": 180, "texture": "#4"}
			}
		},
		{
			"from": [1, 11, 2],
			"to": [3, 15, 9],
			"rotation": {"angle": 0, "axis": "y", "origin": [1, 8, 2]},
			"faces": {
				"north": {"uv": [13, 1, 15, 5], "texture": "#4"},
				"east": {"uv": [8, 1, 15, 5], "texture": "#off"},
				"south": {"uv": [13, 1, 15, 5], "texture": "#4"},
				"west": {"uv": [1, 1, 8, 5], "texture": "#off"},
				"up": {"uv": [1, 15, 3, 8], "rotation": 180, "texture": "#4"},
				"down": {"uv": [14, 8, 16, 15], "texture": "#2"}
			}
		},
		{
			"from": [1, 1, 2],
			"to": [3, 7, 9],
			"rotation": {"angle": 0, "axis": "y", "origin": [1, 8, 2]},
			"faces": {
				"north": {"uv": [13, 9, 15, 15], "texture": "#4"},
				"east": {"uv": [8, 9, 15, 15], "texture": "#off"},
				"south": {"uv": [13, 9, 15, 15], "texture": "#4"},
				"west": {"uv": [1, 9, 8, 15], "texture": "#off"},
				"up": {"uv": [0, 6, 2, 13], "rotation": 180, "texture": "#2"},
				"down": {"uv": [13, 15, 15, 8], "texture": "#4"}
			}
		},
		{
			"from": [13, 11, 2],
			"to": [15, 15, 9],
			"rotation": {"angle": 0, "axis": "y", "origin": [15, 8, 2]},
			"faces": {
				"north": {"uv": [3, 1, 1, 5], "texture": "#4"},
				"east": {"uv": [8, 1, 15, 5], "texture": "#off"},
				"south": {"uv": [1, 1, 3, 5], "texture": "#4"},
				"west": {"uv": [1, 1, 8, 5], "texture": "#off"},
				"up": {"uv": [1, 8, 3, 1], "texture": "#4"},
				"down": {"uv": [14, 0, 16, 7], "rotation": 180, "texture": "#2"}
			}
		},
		{
			"from": [13, 7, 2],
			"to": [15, 11, 4],
			"rotation": {"angle": 0, "axis": "y", "origin": [15, 8, 2]},
			"faces": {
				"north": {"uv": [3, 5, 1, 9], "texture": "#off"},
				"east": {"uv": [13, 5, 15, 9], "texture": "#off"},
				"south": {"uv": [12, 2, 14, 6], "texture": "#2"},
				"west": {"uv": [1, 5, 3, 9], "texture": "#off"}
			}
		},
		{
			"from": [13, 7, 7],
			"to": [15, 11, 9],
			"rotation": {"angle": 0, "axis": "y", "origin": [15, 8, 2]},
			"faces": {
				"north": {"uv": [0, 8, 2, 12], "texture": "#2"},
				"east": {"uv": [8, 5, 10, 9], "texture": "#off"},
				"south": {"uv": [1, 5, 3, 9], "texture": "#4"},
				"west": {"uv": [6, 5, 8, 9], "texture": "#off"}
			}
		},
		{
			"from": [1, 7, 7],
			"to": [3, 11, 9],
			"rotation": {"angle": 0, "axis": "y", "origin": [1, 8, 2]},
			"faces": {
				"north": {"uv": [13, 5, 15, 9], "texture": "#2"},
				"east": {"uv": [8, 5, 10, 9], "texture": "#off"},
				"south": {"uv": [13, 5, 15, 9], "texture": "#4"},
				"west": {"uv": [6, 5, 8, 9], "texture": "#off"}
			}
		},
		{
			"from": [1, 7, 2],
			"to": [3, 11, 4],
			"rotation": {"angle": 0, "axis": "y", "origin": [1, 8, 2]},
			"faces": {
				"north": {"uv": [13, 5, 15, 9], "texture": "#4"},
				"east": {"uv": [13, 5, 15, 9], "texture": "#off"},
				"south": {"uv": [8, 8, 10, 12], "texture": "#2"},
				"west": {"uv": [1, 5, 3, 9], "texture": "#off"}
			}
		},
		{
			"from": [0, 0, 0],
			"to": [1, 16, 6],
			"faces": {
				"north": {"uv": [15, 0, 16, 16], "texture": "#3"},
				"east": {"uv": [5, 0, 11, 16], "texture": "#3"},
				"south": {"uv": [0, 0, 1, 16], "texture": "#3"},
				"west": {"uv": [5, 0, 11, 16], "texture": "#2"},
				"up": {"uv": [0, 0, 1, 6], "texture": "#2"},
				"down": {"uv": [0, 10, 1, 16], "texture": "#2"}
			}
		},
		{
			"from": [15, 0, 0],
			"to": [16, 16, 6],
			"rotation": {"angle": 0, "axis": "y", "origin": [15, 0, 0]},
			"faces": {
				"north": {"uv": [0, 0, 1, 16], "texture": "#3"},
				"east": {"uv": [5, 0, 11, 16], "texture": "#2"},
				"south": {"uv": [15, 0, 16, 16], "texture": "#3"},
				"west": {"uv": [5, 0, 11, 16], "texture": "#3"},
				"up": {"uv": [15, 0, 16, 6], "texture": "#2"},
				"down": {"uv": [15, 10, 16, 16], "texture": "#2"}
			}
		},
		{
			"from": [1, 0, 0],
			"to": [15, 1, 6],
			"rotation": {"angle": 0, "axis": "y", "origin": [1, 0, 0]},
			"faces": {
				"north": {"uv": [1, 15, 15, 16], "texture": "#3"},
				"south": {"uv": [1, 15, 15, 16], "texture": "#3"},
				"up": {"uv": [1, 4, 15, 10], "texture": "#2"},
				"down": {"uv": [1, 9, 15, 15], "texture": "#2"}
			}
		},
		{
			"from": [1, 15, 0],
			"to": [15, 16, 6],
			"rotation": {"angle": 0, "axis": "y", "origin": [1, 15, 0]},
			"faces": {
				"north": {"uv": [1, 0, 15, 1], "texture": "#3"},
				"south": {"uv": [1, 0, 15, 1], "texture": "#3"},
				"up": {"uv": [1, 0, 15, 6], "texture": "#2"},
				"down": {"uv": [1, 4, 15, 10], "texture": "#2"}
			}
		}
	]
}