{
  "blend": {
    "func": "add",
    "srcrgb": "one",
    "dstrgb": "zero"
  },
  "vertex": "sobel",
  "fragment": "exposure_processor",
  "attributes": [ "Position" ],
  "samplers": [
    { "name": "DiffuseSampler" }
  ],
  "uniforms": [
    { "name": "ProjMat",     "type": "matrix4x4", "count": 16, "values": [ 1.0, 0.0, 0.0, 0.0, 0.0, 1.0, 0.0, 0.0, 0.0, 0.0, 1.0, 0.0, 0.0, 0.0, 0.0, 1.0 ] },
    { "name": "OutSize",     "type": "float",     "count": 2,  "values": [ 1.0, 1.0 ] },
    { "name": "Mul",         "type": "float",     "count": 3,  "values": [ 1.0, 1.0, 1.0 ] },
    { "name": "Add",         "type": "float",     "count": 3,  "values": [ 0.0, 0.0, 0.0 ] },
    { "name": "Saturation",  "type": "float",     "count": 1,  "values": [ 1.0 ] },
    { "name": "Contrast",    "type": "float",     "count": 1,  "values": [ 1.0 ] }
  ]
}
